<?xml version="1.0" encoding="UTF-8"?>
<project-private xmlns="http://www.netbeans.org/ns/project-private/1">
    <editor-bookmarks xmlns="http://www.netbeans.org/ns/editor-bookmarks/2" lastBookmarkId="0"/>
    <open-files xmlns="http://www.netbeans.org/ns/projectui-open-files/2">
        <group>
            <file>file:/C:/Users/Camila/Documents/PROGRA%202/DiscreetLearning/src/discreetlearning/DiscreetLearning.java</file>
            <file>file:/C:/Users/Camila/Documents/PROGRA%202/DiscreetLearning/src/discreetlearning/TemaSelect.java</file>
            <file>file:/C:/Users/Camila/Documents/PROGRA%202/DiscreetLearning/src/discreetlearning/ClaseFrm.java</file>
            <file>file:/C:/Users/Camila/Documents/PROGRA%202/DiscreetLearning/src/discreetlearning/ApuntesFrm.java</file>
            <file>file:/C:/Users/Camila/Documents/PROGRA%202/DiscreetLearning/src/discreetlearning/frmQuiz.java</file>
            <file>file:/C:/Users/Camila/Documents/PROGRA%202/DiscreetLearning/src/discreetlearning/Login.java</file>
        </group>
    </open-files>
</project-private>
